IDed as dates,count
"December 6 , 2017",1
08/24/2010,2
2/16/2006,2
"May 21 , 2001 to date",1
6/15/2006,2
"July 28 , 2016",1
69,1
"March 20 , 2017",2
9/17/2004     ,1
10/17/2012,2
02/04/2011,6
theComplaint,1
"August 9 , 2016",1
4/2/2012,1
2/7/2018,1
"October 1 , 2010",1
 04/22/2005,1
04/19/2012,3
5/5/2017,2
"August 5,2011",1
"March 18 , 2015",1
"May 12 , 2015",1
"October 19 , 2015",1
"August 7 , 2013",1
7/7/2008,1
March 27,4
10/09/2007,2
10/23/2009,2
no later than 30 days,1
3/27/2017,3
8/9/2006,1
2/2/2017,1
2/4/2013     ago,1
"December 6 , 2017     ",1
"November 2 , 2017",3
1052,1
8/12/2013,2
"July 22 , 2014",1
days,31
02/17/2016,5
08/25/2011,1
7/12/2004,1
7/22/2016,1
January,1
11/9/2004,1
7/26/2012,4
07/16/2010,1
11/30/2016,4
11917,1
"January 12 , 2018",1
14 Exhibit 54,1
11/30/2010     ,1
5/2/2013,1
"October 19 , 2012",1
12/7/2016,2
4/3/2018,1
11/8/2011,3
"November 10 , 2016",1
5/22/2015     ,1
05/10/2010,1
"June 1 , 2017     ",1
9/8/2017,1
"no later than Friday , August 13 , 2010 ,",1
10/24/2012,1
6/6/2011,2
7/14/2017,2
"January 10 , 2018",1
60day,1
81 Exhibit T3,1
10/25/2011     lmb     ,1
9/15/2006,2
01/19/2007,2
4/26/11     cd     ,1
March 20,2
12/16/2005,1
"October 19 , 2016",1
"April 13 , 2017",1
7/30/2015     ,1
February 26,2
7/20/05     ,1
June,2
Exhibit 1312,2
6/8/2015     ,2
9/19/2016,2
5163288899,1
9/30/2014,1
12/05/2011,4
"April 25 , 2014     ",1
"September 10 through September 17 , 2008",1
7/18/06     rjm,1
9/8/2011,2
1:05cv07116WHPJCF,14
"December 18 , 2009",1
"June 8 , 2016",1
2/10/2012,1
6/27/2014,1
01/28/2010,1
12/21/2012,1
"December 4 , 2013",4
    37,1
10/21/2011,4
10/20/2004,7
6/11/2009,1
05/03/2010,1
"September 18 , 2015",1
 01/10/2006,2
02/13/2009,4
 10/26/2011,1
7186132120,1
6/16/2015     ,1
6/7/2010,2
11/23/2016,1
3/8/2011     ,1
01/06/2010,1
 09/22/2005,1
12/26/2017,2
2/26/2009     ,1
81,1
 12/01/2004,5
1225,28
6/7/2013,1
10/03/2011,2
4/28/2014,1
"November 21 , 2012",1
"June 22 , 2017",1
08/04/2010,4
12/28/2012,1
06/24/2009,2
10/14/2016,1
7/7/2017,3
"June 6 , 2005",1
"July 17 , 2009",1
12/29/2011,2
1/13/2009,1
2203,1
"May 11 , 2017",1
9/23/04,1
04/04/2007,1
"September 8 , 2011",1
"July 8 , 2005",1
03/10/2014,1
Exhibit 1310,2
"June 27 , 2014",1
"May 16 , 2015",1
11/28/2016,2
"april 11 , 2018",1
12/19/07,2
June 10,2
02/10/2012,1
94418,1
3/25/2010     ,1
"February 9 , 2018",3
90 days,2
2/25/2013,2
7/11/2016     Howley,1
11/15/2012,4
more than a decade,1
12/14/2017,1
4/26/2012,2
11/15/2005     ,1
"August 31 , 2011",1
2/21/2012,1
2/1/02,1
11/2/2017     ,1
51,1
"May 21 , 2010",1
1:02cv10052AKH,4
1/11/2013,1
01/26/2015,1
3/17/2017,1
7/24/2012,2
01/16/2013,1
"December 21 , 2012",1
5/4/2012,1
6/27/2007,1
05/16/2012,1
12/14/2004,1
"March 21 , 2017",1
August 14 and October 16,2
2/20/2006,1
9/20/2012,6
"January 21 , 2015",2
12/28/2010     ,1
12/28/2011,1
4/13/2004,1
YESTERDAY,1
08/10/2012,2
1/25/2017,1
2000,2
November 21,2
2/6/2017,1
"September 14 , 2016",1
June 12,1
1900,1
"December 20 , 2017",2
03/03/2011,1
"November 7 , 2012",2
July 8,1
11/3/2015     ,1
2036,1
"April 30 , 2010",3
2/01/2011,1
10/20/2014,1
9/12/05     ,1
02/16/2007,1
Exhibit 31,2
1:04cv05025AKH,4
2/2/2018     anc     ,1
7240,1
7/18/2008     ,1
10/28/2011,2
02/06/2012,2
11/03/2005,1
5/22/2009,1
3/18/2015     ,1
1407,2
8/19/2010,2
"September 15 , 2011",1
11/09/2009,1
2/14/2011     jar     ,1
"December 21 , 2011",2
12/29/2004,1
"Friday , May 10 , 2013",1
"November 14 , 2013",3
07/19/2017,4
9/29/2016     Orenstein,1
12/6/2016     ,2
59,2
1/1/2006,1
"November 8 , 2006",7
1/24/2005,1
 12/06/2005,3
09/05/2017,1
04/27/2011,1
2/14/2014     ,1
1:04cv07213AKH,2
"February 8 , 2013     ",1
"May 24 , 2012",1
"April 25 , 2008",1
"September 16 , 2008",1
3/16/2016,1
"Tuesday , January 29 , 2013",1
"April 20 , 2018     ",1
"June 14 , 2017",1
"June 21 , 2010",1
"November 30 , 2012",2
3/6/2012,3
November 20,1
"January 29 , 2014",1
the May and June 2002,1
 04/21/2006,1
    on 11/21/2014     ,1
4/8/2011,2
1/1/2007,1
12/22/2012,1
"May 31 , 2000",1
"no later than March 1 , 2017     ",1
"July 23 , 2010",1
7/3/2017     anc     ,1
1:04cv07248AKH,7
12/13/2004,2
02/01/2018,1
"April 11 , 2018",1
"March 12 , 2015",1
"April 19 , 2018 ,",1
7/10/2015     ,1
"the April 9 , 2014",6
"February 8 , 2016",1
11/22/2011     ,1
"October 22 , 2007",7
"February 4,2013",1
1:04cv07272AKH,29
10/17/2017,4
1:04cv07244AKH,7
9/15/11,1
"July 14,2017     ",1
"August 17 , 2000",1
09/18/2015,4
6/18/2014,1
"August 19 , 2016",1
9/23/2013,1
5/3/2010,1
"June 30 , 2017",3
6/21/2017,1
3/21/05,1
02cv2987,1
12/09/2004,1
8/25/2017,1
7/1/2015,1
10/10/2013     ,1
06/04/2010,1
2/1/2013,1
"June 19 , 2017",1
"April 18 , 2014",1
11/20/06     ,1
"March 13 , 2017",2
12/7/2006     ,1
3/28/2017,2
12/06/2016,2
11/04/2011,1
 12/29/2004,1
    on 8/7/2015     tg     ,1
7199,1
4/29/2013,2
7/8/2015,1
10/15/2009,3
1/14/2008,7
1/28/2015     gr     ,1
Exhibit 4263,1
March 17,4
"February 4 , 2011",1
 12/13/2006,1
1/14/2013     ,2
"June 4 , 2010",1
Exhibit 2921,1
"June 10 , 2015",1
10/31/05     ,1
1/18/2017,1
12/09/2002,1
10/31/2017     ,1
"August 15 , 2012    Service",1
3/23/2017,1
1:03cv02387LAK,1
May 29th,1
1/4/2013,1
12/20/11,1
2/27/04     ,1
12/8/2004,1
"April 22 , 2009     ",2
50,1
"March 3 , 2017",1
30 days,3
1990,1
 08/23/2012,2
June 23,3
11/30/2006     ,1
1:03cv07040AKH,2
4/3/2013,1
2/15/2012     ,1
03/28/2011,1
 10/16/2006,1
3/1/2004     ,1
September 30,1
7244,1
"August 3 , 2017",1
09/13/2010,1
Dec 21 2012,1
 05/26/2017,1
1/14/2011,1
04/29/2011,1
03/08/2006,1
04/17/2013,2
"September 25 , 2017",1
2/20/2018     ,1
"January 13 , 2012",1
"April 23 , 2013",1
January 29     ,1
4/3/2012,2
"no later than Tuesday , February 16 , 2010",1
"December 22 , 2016",1
3/17/2014     ,2
13940,1
7/28/2011     mbe     ,1
"December 14 , 2017",1
23,3
2/13/2009,1
11/12/2002,1
10/2/2017,3
08/07/2012,2
5/17/2013     ,1
9/12/2011,3
1/23/2009,2
1:08cv10646AKH,2
10/22/2008,1
03/14/2007,1
 10/03/2006,1
11/30/2004,3
Dec 19 2013,1
11/26/2002,1
9/20/04     ,1
"March 10 , 2014",2
July,2
5/1/2017,1
2/3/2011     ,1
   1002,1
8/18/2010,1
"November 1 , 2006",1
"no later than March 30 , 2012",1
"February 6 , 2009",1
08/03/2012,1
7/25/2017,2
"no later than August 4 , 2017     ",1
12/15/2014,1
"February 7 , 2014",1
"November 16 , 2017",1
1/09/2007,1
"September 30 , 2015",2
"September 29 , 2016",2
1/07/2013,1
2/22/2012,1
04/04/2014,2
"September 30 , 2016",1
2/17/05,1
3/22/05     ,1
 11/30/2005,2
"November 19,2010",2
11/8/04     ,1
"February 19 , 2016",1
"August 31 , 2015",1
6/7/2011,4
"July 18,2013",1
06/30/2016,1
"December 1 , 2017",1
4/22/2016     ,2
8/19/05     jco,1
11/08/2010,2
3507,1
4/1/2011,1
90 day,1
4/23/2010,1
1/17/2018,1
10/16/2001,2
10/27/2009,1
"June 18 , 2015",3
44,4
04/16/2012,1
8/8/2012     ago,1
"September 24 , 2007",1
6/16/2009,2
3/27/2018,1
"Monday , December 18 , 2017     ",1
"April 9 , 2013",1
6/13/2012,1
"November 29 , 2012",1
1506,1
6/21/2010,1
1:02cv07260AKH,2
"November 4 , 2016",1
11/6/2017,1
14 days,9
 18 04,1
7/28/2011,1
6705,1
6/22/2010,3
11/15/2016     ,1
02/16/2001,1
"December 8 , 2011",1
064598,1
1:04cv05021AKH,4
6/4/2012,1
11/30/2005,1
8/3/2017,4
12/04/2000,4
02078762383,1
02/18/2005,2
10/22/2009,4
6721,1
"October 6 , 2017     ",1
07/05/2005,3
    63,1
11/8/2012,1
11/18/2011     ,1
July 9     ,1
"September 12 , 2014",1
12/4/2013,2
9/6/05     ,1
10/08/2014,1
11,2
6/30/2017     ras     ,1
"October 31 , 2006",1
5/16/2007,2
1/27/2017,1
8/26/2014     ,1
10/4/2011,2
10/06/2008,1
April 2014,2
1/19/2017,1
08/03/2016,1
10/5/2016,1
"May 5 , 2017",2
4/23/2018,1
"4,673,066 01",1
"July 31 , 2009",2
"November 8 , 2017     ",1
2009,3
Exhibit 4258,1
4/17/2013,1
9/10/2007,1
08/01/2011,3
"June 26 , 2007 to July 3 , 2007",1
December 16,1
5/30/2006,1
5/20/2013     ,1
5/24/2017,1
20     ,1
06/10/2005,1
10/10/2017,2
1/12/2018     anc     ,1
10/30/2009,2
 11/19/2004,2
12/31/2012,4
 10/03/2005,2
days 5     ae     ,1
10/02/2017,3
02/05/2002,1
1:02cv07154AKH,2
"January 15 , 2013",2
"July 13 , 2015",1
11/23/2004,4
1:04cv07234AKH,7
02/05/2018,1
"October 1 , 2014",2
"march 27 , 2013",1
1/11/2011,1
"March 10 , 2005",1
10/17/2006,1
ADJOURNED,1
7/25/2005,1
10036,1
 11/03/2006,2
"July 25 , 2014",1
2/5/2018     anc,1
    on 6/9/2015     gr     Entered  06/09/2015,1
1/1/2017,2
9/5/2017,1
1/17,1
"November 29 ,",1
12/13/2011,4
4/17/2013     ,1
"October 3,4,5,9,10,11,12 2001",1
5/8/2007,1
"JUNE 3 , 2011",1
8/31/2009,1
12/21/2006     ,1
11/16/04     ,1
"later than July 28 , 2016",1
2/3/2015     ,1
    2,1
09/11/2006,2
8/22/2017     ,1
11/17/2014,2
6/22/2015     ,1
April 20,1
 02/23/2006,2
    1555,1
3/19/2018     rj     ,1
"March 21 , 2018",1
Exhibit 37,2
"June 21 , 2017",4
1:04cv07240AKH,7
"May 24 , 2012 conference",1
3/7/2012,1
01/14/2009,1
4 weeks,2
11/05/2002,1
6/20/2007     jmi     ,1
06/30/2004,1
Exhibit 30,1
"November 14 , 2014     ",1
"March 9 , 2018",1
11/15/2013,1
7234,1
10/21/2004,3
10/17/2005,5
"February 27 , 2017",2
"1,471,995 40",2
33401,1
"July 8 , 2016 Order to Show Cause",3
8/13/2009,1
11/20/2009,2
11/21/2011,4
Exhibit 4030,1
"November 12 , 2012",2
"June 20 , 2016",2
 65 Exhibit 45,1
469716     laq     ,1
7/7/2016,1
"August 24 , 2009",1
12/20/2017     anc,1
12/2/2016     cf     ,1
8/1/06     ,1
06/13/2017,1
11042,1
06/21/2011,2
2128331100     Wang,1
10/24/2013,2
"February 16 , 2016",2
12/2/2016,2
"April 18 , 2012",2
"October 17 , 2016",1
11/22/2013     ,1
11/06/2009,1
4/4/2009,2
 11/10/2005,1
3/7/2013,1
07/19/2011,1
2001,1
no later than Friday,2
 4 Exhibit 44,1
"May 17 , 2016",1
 09/02/2004,1
1/6/2010     ,1
11/28/2016     ,1
02/27/2014,1
7/21/2005,2
01/20/2011,2
01/03/2012,1
1099s,1
"August 14 , 2009     ",1
7136,1
1:04cv06848AKH,7
12/10/09,1
05/31/2012,4
"the week of January 10 , 2011",1
"Wednesday , January 19 , 2011",1
8/18/2016,1
 01/12/2018,1
"February 17 , 2017",2
7/20/2006,1
7/24/2008,1
7/5/2017,2
November 13,1
Fridays,1
8/26/2004,1
6/20/2014,1
11/2/2011,1
1675,1
76  ,1
"June 28 , 2012",1
2014,3
4/23/2012,4
39,3
2013,4
11/16/2016     ,1
04/03/2009,1
7/19/2017,2
"December 10 , 2014",1
"May 31 , 2004     ",1
"December 4,2013",1
02,1
5/10/01,1
"September 16 , 2009",1
5/25/2018,1
1/10/2006     ,1
more than 120 days,1
56,3
5/13/2005,1
6/5/2012,6
2/10/2010,1
 120 08,2
7/6/2006,1
05/28/2009,4
February 5,3
"May 8 , 2015",3
11/3/11     Attachments,1
5/19/2014     ,1
6/21/2012,1
2008,2
01/04/2008,1
3/22/2013,2
9/12/2006,1
12/05/2014,1
"April 28 , 2014",1
7299,1
"August 10 , 2010",1
6/4/2014,1
02/22/2005,8
1:04cv07241AKH,7
"October 30 , 2009",1
12/5/2013     ,3
11/2/2004,2
3/29/2018,1
   1103,1
 12/19/2011,1
"August 29 , 2016",2
"January 9 , 2017",1
"October 4 , 2017",5
   days,4
"February 9 , 2018      ",1
10/21/2016     ,1
May 19,1
"April 12 , 2012",1
tomorrow 5 October 2016,1
    141,1
"November 11 , 2016",1
04,6
2/15/2011,1
6/26/2017,3
10/23/2013,1
11/3/2010     mro,1
07/13/2006,1
"February 27 , 2018",2
"July 8 , 2016     ",1
12/16/2016,1
"July 1 , 2014",1
7/25/2017     ,1
 10/12/2006,3
Exhibit 1313,2
1/22/14     ,1
"May 20 , 2015",1
"no later than April 25 , 2017",1
June 22,3
"July 3 , 2014",2
"June 23 , 2017",3
"January 22 ,",1
8/31/2012,1
12/14/2009,1
"April 30 , 2012",2
350 00,2
1/18/2018,1
1999,2
"November 1 , 2011",1
2/27/2009,1
"1:21mc00101AKH,1:04cv07272AKH sn     ",2
"January 31 , 2014",1
"February 9,2007",1
Exhibit 1632,1
9/1/2017,1
06/19/2015,2
"February 22 , 2011",1
6/2/2017,1
09/06/2012,2
7/14/2004,2
6/25/03,2
9/12/2012     ,1
02088997077,2
"June 27 , 2017",2
5555,1
10/3/2014     ,1
12/15/2012,2
 01/20/2004,2
97893,1
"November 29 , 2001",1
"October 15,2012",1
"Friday , May 25 , 2018",1
6/29/2012     ,1
"December 14 , 2012",3
"September 23 , 2011",2
7/5/05     ,3
4/9/2014,3
11/9/2012,1
12/03/2012,1
4/29/2011,1
"September 20 , 2017",1
5/7/2012,1
1/28/2013,3
"March 25 , 2014",1
05/04/2009,1
12/09/2016,2
11/30/2001,1
10/1/2014,1
079281488,1
"April 5 , 2017",2
"July 16 , 2012",3
 11/17/2005,1
"October 28 , 2011 Document",1
11/9/2017,1
7/15/03     ja     ,1
10/27/2006,1
1/16/2013,1
03/29/2006,1
02/23/2007,1
5/9/2013     lmb     ,1
06/18/2009,1
02/22/2002,1
1105,1
09/30/2009,1
1/12/2018,4
 11/02/2006,3
"August 8 , 2014",2
"Friday , February 1 , 2013",1
"March 30 , 2017",1
11/03/2010     ,1
3/3/2017,1
11/26/2012     ago,1
8/12/2010     ,1
the day,1
2987,1
"December 24 , 2013     ",1
4/16/2013,3
1/30/2018,2
"Wednesday , August 16 , 2017",1
02089360088,2
"March 4 , 2016",1
7/16/2012,4
10/10/2016,1
four weeks,1
2/23/2017,1
10/19/2007,1
11/05/2007,2
6/5/2009,1
"August 1 , 2017",2
4/26/2013,1
"May 12 , 2017",1
"June 28 , 2016",3
10/28/2004,3
07/16/2002,1
3/17/2011,1
35 Affidavit of Service,2
020811734786,2
3/19/2015     ,1
09/27/2012,1
53138,1
03/27/2006,2
10/20/2009,1
10/12/2004,3
10/02/2015,1
"July 31 , 2017",1
6/16/2006,1
04/11/2007,8
11/8/2013,1
12/13/07     tro     ,1
May 2014,1
"March 8 , 2016",2
12/4/2017     ajc     ,1
"March 4 , 2014 conference",1
35,2
"July 30 , 2008",1
04/04/2012,5
1:04cv05723WHP,67
09/01/2017,1
03/13/2012,1
80 Exhibit 4041,1
2/18/2016     ,2
 11/22/2006,1
"April 23 , 2012",3
"May 9 , 2004",1
"December 1 , 2006",1
02078647375,1
"Friday , April 26 , 2013",1
"Friday , January 12 , 2018",2
6/15/2009,2
"July 5 , 2005",8
1:04cv04577AKH,4
10/6/2011,1
May 12,4
3/20/2015,1
4/30/2012,1
10/03/2008,1
 10/07/2009,1
12/17/2009,1
7/28/2016,1
02/02/2009,1
1404,1
1/7/08     ,1
September 11,2
12/22/04,2
7/29/04     ,1
"November 12 , 2010",1
10/26/2011,3
"no later than October 25 , 2017",1
1/11/2018     ,1
"April 6 , 2017",1
11201,1
111617,1
"March 30 , 2012",3
8/26/05     ,1
6/23/2015     ,1
9/20/2007,1
"December 21 , 2010",2
"January 31 , 2010",1
12/5/2012     ,1
"July 15 , 2009  ",1
07/26/2011,2
11/2/2017,1
May 18,1
"April 14 , 2011 ,",1
 12/20/2005,2
"the December 16 , 2010",2
no later than seven days,1
    pgu     Entered  09/30/2013,1
3/2/2016,8
 08/18/2011,2
 01/25/2005,1
2/18/2013,1
12/13/2016,3
8/24/2016,1
1/29/2018,2
12/3/2012,1
twoday,1
2/21/2018,2
12/19/2005,2
4/13/2016,1
"June 20 , 2014",1
"February 12 , 2009",1
7/19/06     ,1
"no later than April 11 , 2017",1
12/13/2017     ,1
 03/31/2006,1
9/27/2012,2
12/11/2009     ,1
04cv4577,1
"May 2 , 2013",1
6/25/08     djc     ,1
7/2/09,1
July 11,3
"March 24 , 2015",1
027328,5
020811554902,2
"January 26 , 2015",1
5/2/2017,1
8/10/2017,1
8/11/2006,1
8/2/2004     ,1
11/09/2004,1
9/23/2011,2
2/15/2006     ,1
3/10/2005,1
10/1/2017     Manson,1
"January 11 , 2018",3
Mondays,1
8/28/2007,1
"September 29 , 2006",1
3/25/2016     ,1
11/30/2010,2
"October 24 , 2016",2
"May 2 , 2014",4
"May 18 , 2015",1
7/21/2008,1
3/13/2012     ,1
Exhibit 4220,1
3/25/2005,2
 01/28/2005,3
"November 23 , 2017",3
8/2/2016,1
2/21/2014     ,1
"June 30 , 2000",1
"no later than September 7 , 2016",1
9/11/2012,1
11/7/2011,2
6/23/2017,2
1:05cv,1
12/20/2017,1
"July 13 , 2012",2
"May 14 , 2010",1
01/07/2008,9
10/22/2013,1
"September 6 , 2017     ",1
09/08/2010,1
045723,1
10/05/2007,4
1/22/2005,1
10/13/2017,4
11/29/2004,2
1/10/2012     ,1
Tuesday,2
September 2015,3
"December 22 , 2017",1
8/12/02,1
12/5/2005,5
05/06/2003,3
7/6/2017     ,1
8/2/2016     ,1
3/12/2010,2
"April 28 , 2009     ",1
2/24/2005,1
6/4/2008,1
1/23/2013,7
July 17,2
"Friday , September 1 , 2017",1
04/29/2010,1
03/15/2005,2
3/27/2015     ,1
Exhibit 63,1
04/23/2001,3
02/09/2007,1
"March 3 , 2014 Ltr",1
July 2000,2
"June 6 , 2005 and June 22 , 2005",1
April 15,2
10103,1
"October 23 , 2015",1
4/23/2012     ,2
"the April 18 , 2014",1
12/06/2005,2
10/24/2016,1
8/20/2004,1
 11/26/2012,1
12/20/2007,3
"April 17 , 2017",1
July 9,2
4/19/2012,1
11/03/2010,3
10/28/2016     ,1
2/3/2010,1
1:04cv07944LAK,1
"Wednesday , January 6 , 2010",1
"May 28 , 2009",1
7318,1
08/02/2011,1
03/05/2010,1
2/8/2017,1
"September 30 , 2013",2
10/18/2013,3
2006,2
"August 10 ,",1
02/08/2016,2
12/6/2004,1
10/13/06     ,1
several months ago,1
"September 22 , 2017",1
4/1/05,1
3/17/2015,1
2/24/2012     ,1
 11/21/2005,3
"December 4 , 2009",1
22 Affidavit of Service,2
"February 18 , 2014",1
"August 23 , 2010",1
12/14/2010,1
1/10/08     cd     ,1
"November 13 , 2013",2
2/27/2013     ,1
10/20/15     tg     ,1
04/13/2016,2
76145,1
8883634749,1
5/15/2012,1
"December 5 , 2012",1
4/5/2012     ,1
12/1/2011,1
103459 56,1
"April 17 , 2000",1
4/26/2017,1
1/3/2012     ,1
1:08cv03719AKH,2
12/30/2010,1
01/22/2010,1
"March 2 , 2012 and March 26 , 2012",1
March 30,2
9/14/2016     ,1
12/08/2014,2
9/30/2010,1
10/21/2009,1
12/11/2001,2
7/28/2004,1
"June 15 , 2005",1
"February 13 , 2017",3
2/6/2012,1
11/30/2004     ,1
"September 22 , 2014",1
1/31/2017,1
8/3/2012,4
12/30/2016,1
10/24/2006,1
7/9/2014     ,1
2/3/2017,2
2/22/2011,2
6/9/2010     ,1
12/22/2016,1
March 13,2
12/17/2004,2
12/29/2011     ,1
1:01md01409WHP,42
718804277,1
07/25/2001,1
9/16/2009,2
00 per day,1
 4 Exhibit D,1
1:04cv07199AKH,7
02/11/2010,1
8/18/2011,4
"August 16 , 2017",1
11/28/2005,1
7/20/05,1
Exhibit 1455,1
the day before,1
8/5/2011,2
"    2 October 5 , 2012",1
no later than April 13,1
 09/11/2006,1
465401039693,1
"June 26 , 2007",1
"May 1 , 2017",1
"February 16 , 2017",5
1/9/2012,2
3/16/2015     gr     Entered  03/16/2015,1
the same day,2
3/2/2011,1
Mar 27,1
"November 24 , 2009     ",9
10/18/2011,2
June 15,1
"August 9 , 2002     ",1
"February 6 , 2014",1
1/22/09     mme     ,1
2/28/2017,2
"March 2 , 2016",1
"June 29 , 2009",2
3/16/2018,1
Yesterday,1
"November 1 , 2011     ",2
 12/22/2010,1
 01/20/2011,1
"April 23 , 2018 ,",1
"the March 11 , 2014",1
8/18/2017,1
1/10/2014,1
the 12 trading days,1
4/16/2018,1
6/17/2015     ,1
"October 16 , 2015",1
6/19/2012,2
"December 12 , 2016     Orenstein",1
"September 9 , 2011",1
12/07/2012,1
11/09/2012,1
10/31/2013     lmb     ,1
"December 21 , 2015",1
3 weeks     ,1
"April 13 , 2018",2
4/3/2017,1
8/19/09,1
3/29/2011,1
4545,3
"the May 2 , 2014",1
1/28/2016     ,1
"no later than March 16 , 2018",1
"June 5 , 2012",1
09/21/2004,6
"February 23,2009",1
6/29/2007,1
10/03/2006,1
4/23/2014,2
"NOVEMBER 3 , 2011",1
 09/29/2011,1
one week,2
06/14/2016,1
 10/24/2006,1
9/16/2011,1
"December 17 , 2010",1
7/15/05     jco,1
31,2
"April 15 , 2014",1
"December 19 , 2017",2
"January 6 , 2016",2
1:03cv06925AKH,4
 10/02/2006,3
"a June 4 , 2015",1
"Wednesday , April 2 , 2014",1
04/27/2010,1
05/11/2004,1
"April 10 , 2015",2
01/14/2011,1
1:06cv15447WHP,19
07/26/2012,1
Exhibit 74,1
5/24/2012,1
21     ,1
7231,1
12/14/2012,3
7248,1
"October 28 , 2011",1
10/6/2009     ,1
"March 28 , 2014",1
07/14/2009,2
7/21/2017,3
3/8/2012,3
7/18/2011     ,1
02/04/2008,1
12/29/2010,1
1:01md01409WHP     ,2
08/16/2002,1
"September 12,2012",1
20,1
6/30/2005,7
"July 19 , 2017     ",1
31 Exhibit 31,6
12/06/2011     ,1
1/10/18,1
7/20/2012,1
12/26/2013,1
10 days,3
"March 29 , 2006     ",1
1/17/2014     ,1
4/15/2005,1
7/26/2017,1
8/1/2005,1
1/19/2011,2
12/8/2014,1
"November 7 , 2014",1
11/08/2013,1
9/29/2016     ,1
1/18/2008,1
 12/02/2002,1
"March 6 , 2018",1
    36,1
3/8/2010,1
"before June 17 , 2009",2
December 22,1
"3,119 45",1
02089658660,1
1/7/05     ,1
2/14/2006,1
06/28/2002,1
6/28/2010,1
11/16/2012     ,3
3/1/2013,1
03/07/2012,2
May 8,1
June 17,1
"April 20 , 2012 at",1
"March 13 , 2012",1
2056,8
2/2/2012,1
4/28/2010     ,1
6/2/2011,1
"    1 September 20 , 2012",1
"August 17 , 2015",2
1:04cv07225AKH,4
 04/19/2006,1
06/24/2015,1
"the 28th day of July , 2006     ",1
November 26,1
"September 15 , 2015",1
"August 4 , 2015",1
7241,1
"2,673 97",1
12/08/2016,1
4577,1
5/21/2012,2
"November 17 , 2014",2
"May 3 , 2012",1
12/15/2009,1
"the March 8 ,",2
 01/12/2006,1
7/2/07     ,1
1:04cv05020AKH,2
Exhibit 45,2
"August 28 , 2015",2
"May 9 , 2018",1
1301,2
2/21/2006,1
6/19/2008,1
January 22,2
"Wednesday , August 19 , 2009",1
4/2/2014,1
"June 30 , 2011",1
12/10/2012,1
9/1/2005,1
12/06/2012,1
February 1999,1
8/16/2016,3
11/02/2017,5
"June 27 , 2007",1
11/12/09,1
10/3/2013,1
"March 25 , 2016",1
"October 1,2,3 , 2001     ",1
"September 10,20,21,24",1
34,4
"August 1 , 2016",3
06/09/2017,1
3/1/2004,1
12/02/2016,4
11/9/2016     ,1
4/16/2012     ft     ,1
"Thursday , April 13 , 2017",1
8/9/2012,1
"June 17 , 2015",4
04/30/2004,1
"October 6 , 2017",1
"no later than December 14 , 2016",1
12/29/2006,2
2/3/2017     ,1
"September 25,26,27,28",1
11/12/2012     ,2
3/31/10     db     ,1
"April 3 , 2017",1
 12/16/2003,1
September 24th,1
9/30/2009,1
10/23/2013     ,2
 12/08/2004,1
01/11/2012,1
4/28/2005,1
August 5,1
11/13/2012,5
9/28/2015     gr     ,1
 06/01/2006,1
10/12/2011,2
9/9/2011,2
12/4/2017     ,2
 06/30/2005,2
Exhibit 4223,1
"July 6 , 2011",1
30day,1
05/20/2016,2
082521,1
2/14/2013,2
"July 15 , 2009",3
"January 14 , 2011     ",1
9/28/10     ,1
November 28th,1
10/21/2016,1
1/12/2012     ,1
"December 5 , 2016",1
82,1
3/11/2014     ,1
9/24/2007,2
1/5/2018,2
"February 13 , 2018",1
9/29/2016,3
12/06/2017,2
11/22/2004,3
"January 30 , 2017",2
1/9/2017,1
02/27/2009,2
1/5/2018     ,2
1:03cv06811AKH,2
1409,3
June 25,1
11/19/2012,2
8/17/2004,1
1130,1
1:07cv05583WHP,2
29,1
1:02cv07188AKH,1
November 29,1
09/25/2007,2
"September 10 , 2012",1
11/02/2011,2
11208,1
 11/24/2004,2
1:04cv06788AKH,2
10/1/2004,3
37,4
 02/27/2004,1
6/28/2012,2
12/19/2011,1
2/17/2009,4
    on 10/02/2015     tg     ,1
06/19/2006,2
4/2/2016,1
2/16/2018,1
the 2nd,1
7    days,2
2/8/08     djc     ,1
10/27/2011,2
 03/21/2006,1
"April 24 , 2017",3
4/7/2009,2
this month,1
"April 12 , 2013",1
7/27/2016,3
"March 29 , 2005",1
7/27/2017,2
February 6,1
91820,2
1987,1
02/09/2018,2
4/29/2010,2
6/10/2015     ,2
"September 17 , 2012",1
Exhibit 44,5
"May 13 , 2015",1
5/24/2018,1
07/24/2009,1
07/22/2005,4
1/3/2012,2
21,4
06/17/2011,1
11/1/2016     Quinlan,1
10/11/2006,4
4/26/2010,1
"January 29 , 2018",1
7/9/2015,1
10/24/2017,5
02/10/2014,1
1/18/11     ,1
8/16/2017,2
"June 1 , 2017",1
1/10/2018,1
"April 16 , 2013 ,",1
1992,2
7/25/2014,1
5/14/2012,1
5/5/2014     ,1
12/30/2004,1
"May 30 , 2012",1
1125,1
08/19/2010,1
"December 9 , 2016",1
07/02/2007,1
06/24/2003,1
4/19/06     ,1
3/26/2013     lmb     ,2
1/16/2018,2
3/28/2007,1
"November 12 , 2012 to November 21 , 2012",1
 02/27/2013,1
April 14,1
no later than April 18,1
12/18/2017,2
07/29/2009,1
1622,7
12/13/2012,1
6/15/2007,1
"February 23 , 2017",2
"December 4 , 2015",1
02/22/2011,1
5/3/2017,2
1962,1
09/14/2017,1
"April 16 , 2012",1
"July 17 , 2008",1
8/24/2016     Orenstein,1
6/21/2005,1
March 9,1
 12/02/2005,1
12/23/02,1
1:08cv03700AKH,2
"Friday , October 18 , 2013     ",1
7/7/2015,1
8/3/2006,1
1:04cv07294AKH,5
2015,4
"March 27 , 2015",1
06/12/2006,1
1/23/09     tro     Entered  01/26/2009,1
11/13/2007,2
MDL 1409,5
8/25/2011,1
9/29/2006,8
 09/08/2004,1
 6 and  7,1
"February 1 , 2011",1
10,1
"November 16 , 2012",3
05/05/2009,1
05/17/2016,1
1:04cv05023AKH,4
1/25,1
112340,1
"May 2 , 2017",1
1/15/2015     ,1
6/26/2007,1
"May 27 , 2011",1
November 9 2017,1
10/22/09,2
1:02cv07328AKH,3
10/4/2004,7
4/2/2018     ,1
"January 4,2013",1
11/02/2016,1
"May 3 , 2017",2
"November 14 , 2017",2
"October 17 , 2006",1
"September 25 , 2012",1
the fall of 2015,1
"December 13 , 2017",1
1/28/2008     ,1
6/22/2017,3
05/09/2017,2
"November 4 , 2010",1
079285211,1
"May 21 , 2009",1
"March 5 , 2010",1
08/28/2003,1
"July 18 , 2016     ",1
"December 28 , 2011",1
05/15/2009,4
9/11/06     ,1
10/26/2017,1
027188,4
4/16/2012,4
09/21/2010,2
2/28/2005     ,1
12/4/2009,2
12 2013,1
May 20     ,1
"September 1 , 2017",1
1st,1
"January 19,2007",1
10007,35
12/13/2016     ,1
"January 5 , 2012",1
4/17/2012,1
12/1/2017,3
"March 11 , 2008",1
2/4/2013,1
7/30/2009,3
9/15/2011,2
September,1
 12/07/2005,2
1:02cv02987AKH,4
"March 15 , 2011",1
midSeptember,1
87389,1
"September 10 , 2007",1
8/31/11,1
12/8/2005,3
12/12/14     sr     ,1
9/30/2004,3
4/18/2017,1
5/31/2006,1
10/19/2012     ,1
1/6/05     ,1
11/21/2014,1
an additional week,1
04/12/2017,1
1/29/2007,1
April 30,1
Exhibit 1671,1
12/23/2004,3
2/24/2010,1
"July 1 , 2009",1
4/18/2012,3
4/4/2012,1
"November 6 , 2014",1
04/10/2006,1
"November 22 , 2011",1
ten days,3
10/20/2015,1
12/7/04     ,2
6/8/2005,1
10/8/2004,2
12/2/2015     ,1
5/15/2009,1
"September 6 , 2017",1
"the May 18 , 2005",1
12/15/09     db     ,1
122303,1
05/10/2007,1
3/28/2018,1
"October 10,2017",1
1/14/11,1
1:04cv01350AKH,2
1:04cv07238AKH,7
12/21/2012     ago,1
March 19,1
2/7/2012,1
6/16/2017,1
"July 22 , 2000 to November 8 , 2006",1
"June 22 , 2015",1
Friday,5
February 8,1
10/13/2006,1
1/6/2012,2
today,17
"May 12 , 2016     ",1
3/4/2016,1
1/17/2014,1
2/3/2012,1
01/22/2003,1
6/2/2006,1
"March 19 , 2010",3
"the week of June 4 , 2012",1
"February 23 , 2009",1
5/4/05     ,3
8/11/2017,2
1619,1
34 DAYS,1
 57 Exhibit 4018,1
10/16/2009     ,1
3/18/2004     ,1
10/13/2004,4
"June 23 and June 25 , 2009",1
8/4/2011,2
9/9/2004     ,1
 04/30/2013,1
2/1/2005,2
9/17/2004,12
"August 18 , 2000",1
1/13/2017,1
"April 12 , 2017",1
10/29/04     ,1
1/7/2016     gf     ,1
86,2
"November 20 , 2012",1
4/28/2017,10
2/17/2017,5
Thursday,3
1934,2
 09/21/2006,1
01/04/2012,1
1106,1
4/9/2018,1
March 26,2
06/29/2012,2
1/8/2012,1
10/11/2012,1
1993,6
3/27/2013,1
6/5/2006,1
"March 1 , 2013",1
10/3/2016,2
9/18/2015     ,1
1:04cv07298AKH,2
10/2/08     tro     ,1
"March 19 , 2013",1
"August 31 , 2017     ",1
4/6/2018     ap     ,1
11/21/2016,1
"January 20 , 2009",1
 03/14/2002,1
1/31/2006     ,1
2/8/2005,1
"November 28 , 2012",1
12/06/2004,1
2/16/2016     ,2
"December 17 , 2008",1
Exhibit 4213,1
"April 4 , 2014",1
3/31/2015     ,1
8/8/2013,1
"October 12 , 2012",2
3/28/2014,5
6/15/2017,1
4/17/2009,1
02/04/2009,1
3/15/2018     ,1
May 30,2
1:08cv03701AKH,2
"July 22 , 2009",1
86 Exhibit T3,1
"May 31 , 2017",1
02/19/2002,1
"no later than Friday , August 12 , 2011",1
2/8/2012     ,2
1:02cv07145AKH,2
"March 20 , 2009",1
3/9/2017,2
12/12/2012,5
5/12/2005,1
7/1/2014,1
"the April 21 , 2009",1
2/10/2006,1
"June 3 , 2011",2
04/26/2012,3
"December 27 , 2017",1
3/2/2012,3
3/23/2018     kgo     Entered  03/23/2018,1
" 11,564 38",1
84 Exhibit 4045,1
4/16/2013     ,1
8/3/2011,1
6/20/2017,1
03/31/2005,1
5/13/2013,1
4/13/2016     ,1
5/12/11,1
"March 6 , 2012",1
    ,87
2/9/2018,3
6/9/2017,3
02078720997,1
5/8/2009,1
"the October 22 , 2009",1
057116,1
7/6/2017,1
11/10/2016,1
10/31/2011     ,2
08/17/2007,1
"June 27 , 2014     ",1
4/4/11,1
"October 12 , 2016 Order",1
"January 24 , 2013",2
02/15/2002,1
4/30/2010,1
9/6/2006,4
9/2/11     rjm     ,1
9/1/2017     ,1
"June 7 , 2013",1
9/20/2004     ,1
19,2
465401019709,1
9/29/2006     jco,1
7/29/2008,4
    nd     ,1
8/12/2015     ,1
"August 12 , 2010",2
4/3/2007,1
two days,1
"July 26 , 2012",1
    91820,1
9/22/2011,3
09/10/2002,1
2/8/2012,7
06830,1
9299992,1
1/14/2008     ,1
300 days,1
May 29,1
10/25/2007,1
04/05/2016,4
1:08cv03722AKH,2
3/2/2016     ,1
"August 28 , 2012",1
10/18/2000,2
"January 11 , 2018 Order",1
May and June 2002,1
04/21/2010,1
12/6/2011     ,2
09/18/2009,1
two weeks,5
2/12/2018     ,1
"April 3 , 2012",1
10/4/17     yv     ,1
"September 1 , 2010     ",1
"Monday , March 23",1
07/08/2003,2
09/20/2010,1
02088987605,2
8/15/2016     ,1
04/08/2008,2
"September 4,5,6,7 2001",1
5/18/2010,2
paragraphs 2 and 3,1
4/19/2006,1
11/30/04,1
5/26/2011,2
"January 8 , 2016",1
"no later than Friday , April 4 , 2014     ",1
10/27/2017,3
08/08/2002,2
"July 15 , 2010",2
"September 1 and November 11 , 2008",1
"March 11 , 2013",1
"February 13 , 2009",1
12/10/04     ,1
03/13/2015,1
2/18/05     ,1
08/12/2011,1
6/1/2009,1
9/12/2012,2
10019,2
1/29/2012,1
 10/19/2016,1
3/9/2016     ,1
06/04/2012,1
12,1
3/9/2018     ras     Entered  01/11/2018,1
"January 9 , 2015",1
4,2
6/25/2015,1
01/24/2013,2
"June 21 , 2017     ",1
02/22/2010,2
7/18/2017,6
"April ll , 2013",1
11/15/2016,1
12/7/2012,1
1/30/2007,1
"before July 17 , 2015",1
USA 606066683,2
"March 7 , 2018",2
3/26/2010,1
"October 7 , 2011",1
6/2/2010,1
June 6,2
9/15/2017     ap     ,1
"June 21 , 2010 to June 28 , 2010",1
11/30/2006,8
"September 10 through 17 , 2008",1
6/10/2010,1
58,4
 10/12/2004,1
"August 24 , 2016",2
9/6/2012,1
9/14/2011,1
07/24/2002,1
30309,1
4/8/2016,1
2/14/2005,1
12/12/2017,1
Exhibit 1071,1
10/19/2004,16
09/28/2012,1
2/13/2013,1
1305,4
10/15/2013     ,1
"September 26 , 2014",1
April 16,2
 10/05/2004,2
8/11/2014     ,1
109 Exhibit 2917,1
3/13/2012,2
12/6/2017,2
"June 4 , 2012",2
10/15/2012,2
10/02/2008,1
12/28/2006     ,1
1:04cv07914AKH,2
"September 27 , 2016     Orenstein",1
10/17/2013,1
55,8
45 Days,2
 65 Exhibits 3841,1
7/13/2015     ,1
11/19/2010     jmi     ,1
9/7/2004     ,1
November 1998,1
"March 22 , 2012",1
9/23/2014     ,1
 01/13/2005,2
"March 2 , 2018",1
1/23/2017,1
every four weeks,1
"June 9 , 2017",1
Exhibit 34,9
 12/03/2001,1
"May 4 , 2010",1
2017,1
1783,1
"August 15 , 2014",3
3/31/2014     ,2
October 22,1
6/18/07     ,1
8/14/2015     ,1
1:21mc00101AKH,50
"November 9 , 2012",1
8/6/2009,1
1:04cv07900LAK,11
08/28/2002,1
06/19/2012,2
"July 10 , 2012",2
"October 27 , 2016",1
1/26/2006,1
before 11/9/2004,1
08/23/2002,1
1/29/2018     Tam,1
11/24/2009,4
6/17/2014     ,1
"February 12 , 2014 Order",1
two business days,3
8/1/2017,1
"July 17 , 2015",2
    3,2
"no later than April 6 , 2017",1
06/10/2011,1
74,3
"July 30 , 2009",1
"November 2 , 2012",1
3/31/2018     ,1
March 23,1
"February 20 , 2008",1
7/15/2010,1
04/28/2009,10
10/11/2001,1
 04/11/2006,2
11/23/2009     ,1
7294,1
12/23/2016     ,1
2004,2
August,2
"February 1 , 2016",1
06/10/2010,1
9,1
7/7/09,1
01/21/2011,6
10/07/2009,2
"October 21 , 2016",1
10/5/2011     ,1
04/10/2009,1
88,2
10022,2
May 16,5
09/21/2012,3
"January 14 , 2013",1
12/1/2004,1
4/14/2011,1
"September 15 , 2017",1
"October 5 , 2016",5
"no later than September 5 , 2007",1
10/13/2016,8
07/07/2005,1
12/11/2012,2
"January 11 , 2018 Order     Document",1
10/31/2007,2
March 24,5
4/22/2011,1
12/26/2012     ,1
07/29/2010,1
5723,1
"July 10 , 2017",2
2/11/2011     ,1
June 4,2
"August 3 , 2012",1
45,2
"August 14 , 2015",2
4/13/2018,1
6/13/2006,1
7/17/2017,3
1:07cv07968AKH,2
"September 30 , 2010",1
3/22/2016     ,1
3/22/2012,1
12/15/2005,1
"July 26,2005",1
2/18/2005,1
05/11/2007,2
"June 13 , 2018",1
06/28/2011,1
May 26,1
6/4/2010,1
10/1/2013,2
10/27/2016,1
1/22/2014,2
3/17/2006,1
02/26/2016,1
8/22/2016     cf     ,1
11/19/04     ,1
    34,1
11/03/2016,2
 04/23/2010,1
10/10/2012,1
10/12/2017,2
"January 3 , 2012    to January 6 , 2012",1
42,2
103137,1
6/27/05     ,1
"March 13 , 2015",1
"April 13 , 2016",2
 12/28/2004,3
06/25/2010,1
3123606327,1
 12/14/2004,2
02/09/2012,1
02/02/2010,1
11/09/2011,1
"December 4 , 2015 Opposition to the January 6",1
08/30/2011,2
10/05/2016,1
02078445206,1
04/01/2010,2
12/5/2006,1
5/14/2007,1
Exhibit 2995,1
3/23/2015     ,1
7186132180,1
07/02/2003,7
"August 15 , 2017",1
"March 28 , 2017",1
Exhibit 68,1
8/15/2005,7
"December 1 , 2016",1
1/12/2017,1
"November 2 ,",1
"October 14 , 2016",1
5/19/2011,1
2/5/2018     ,2
" June 26 , 2017",1
"March 18 , 2016     ",1
11/05/2004,1
"September 8 , 2017",1
63,1
"July 24 , 2017",1
5/6/2005,1
"no later than April 28 , 2017     ",1
    1,5
02/27/2012,1
4/26/10     cd     ,1
 12/06/2012,1
5/21/15     sr     ,1
December 18,1
May 14,1
2/19/2014     ,1
5/3/2012,1
3/19/2018     rj     Entered  03/20/2018,2
1/13/2006,5
1306,4
1/26/2018     ,1
11/3/2010,2
01/19/2011,2
USA 60611,1
 01/19/2011,1
04/26/2017,5
07/11/2001,1
"May 30 , 2006",2
1/24/2013     ,1
10/18/2006     ,1
"March 24 , 2016",2
7/15/2011,2
1511,27
03/26/2010,1
8/11/2016,1
"April 19 , 2017",2
53,2
5/3/2013,1
12/14/2015,1
1/26/11,1
071025211,1
 4 Exhibit 149171,1
5/20/2015     ,1
"April 13 , 2018 ,",1
"July 17 , 2017",1
2129995800,1
11/18/2004,1
"no later than August 7 , 2017",1
3/23/09     cd     Entered  03/24/2009,1
6/10/2011,1
10/11/2016     ,1
5/17/2016,2
09/11/2012,1
"February 23 , 2009 ,",2
 09/08/2005,1
02/03/2010,3
03/13/2006,1
1:03cv09965AKH,1
86305,3
10/31/2016,5
11/01/2017,2
"March 12 , 2010",2
3/4/2014,1
"May 30 , 2013",1
5/20/2016,4
70,2
047272,4
04/02/2012,7
08/06/2002,1
12/17/2013,1
1:04cv07291AKH,2
04/23/2009,1
"June 13 , 2014",3
1/30/2017,1
"February 7 , 2013",2
"May 7 , 2012     ",1
four months,1
 08/03/2006,2
3/22/2006     ,1
9/17/2012,1
1/6/2011,1
"April 4 , 2012",1
December,4
"April 9 , 2014",1
"March 9 , 2016",2
09/29/2010,1
"March 16 , 2018",1
03/03/2005,2
2007,2
87102,2
"May 15 , 2017",1
a later date,1
"July 22 , 2005",1
1:07cv07969AKH,2
9/13/2016,3
5/7/2014     ,1
12/15/2006,1
1:05cv07116WHP,19
"no later than January 30 , 2015     ",1
8/31/2006     ,1
12/23/2010,1
"September 12 , 2012",2
"May 30 , 2014     ",1
10/18/2006,2
04/23/2012,2
1:04cv07136AKH,4
01/06/2011,1
11/21/2013     ,1
4/23/2012     lmb     ,1
5/4/2009,1
06/20/2000,1
6/23/2008,1
9/29/2006     ,1
11/28/2012,1
8/13/04     ,1
12/8/2016,1
"November 4 , 2013",1
12/5/2012    ,1
10/20/2016,3
"April 20 , 2010",1
06/01/2012,1
"February 5 , 2014",1
7/9/2013,1
1:04cv05022AKH,2
8/7/2013     ,1
1/31/2013,3
07/14/2004,1
12/4/2017,3
6/7/2011     ,1
10/31/2006,5
3/17/2015     ,2
2/1/2011,3
10/12/2016     ,2
9/30/2016,1
9/13/2011,1
4/24/2014,1
05/11/2009,1
09/30/2013,1
8/17/2016     kl     ,1
8/13/2013,1
three weeks,1
11/29/2012,1
 10/10/2017,1
"December 19 , 2013",1
"before June 5 , 2009     ",1
March 16,2
"March 9 , 2018    2",1
11/26/2012,3
100366524,1
"October 9 , 2013",2
"August 31 , 2009",1
"March 1 , 2017",1
3211,1
10 6 2016,1
8/8/2016,1
2/19/2018     Cardenas,1
March 15,1
7/11/2013     lmb     ,1
"February 21 , 2018",1
7/14/2014     gr     ,1
06/06/2006,4
an additional 30 days,1
 04/07/2005,2
 05/19/2005,1
6/2/2016,1
1/19/2005,1
1/3/2006     ,1
3/5/2010,1
1/22/02     jco     ,1
1/27/2005,1
1/25/2011,1
8/12/2016,2
1/21/2011,2
180 Exhibit 2988,1
4/13/2004     ,1
"November 8 , 2011     ",1
11/29/2016,7
4/13/2012,1
7/16/2012     ,1
"July 29 , 2018     ",1
03/07/2018,1
12/14/2012     ,1
1/31/2006,1
33     ,1
212 9229335,1
"March 17 , 2015",4
1/7/2013,3
8052942,1
3/31/2006,2
"OCTOBER 26 ,",1
05/13/2015,1
"September 12 , 2016",2
4/12/2012,1
01/31/2002,5
64,5
47  57,1
10/22/2015,2
7/5/2006,2
2/19/2018,1
9/26/2012,1
"December 4 , 2012",1
10/12/2016,5
 12/10/2004,2
11/15/2004,1
5/31/2012     ,1
6848,1
"March 17 , 2017     2",1
April 5,1
2/4/2013     ,1
Exhibit 4214,1
27 2017,1
Friday 13 April 2018,2
2012,3
02/19/2013     ,1
2/27/2013,2
04/05/2011,1
8/10/17,1
August 14,1
one week 5BARz,1
"January 27 , 2011     ",1
7/7/2005,1
08/09/2010,1
5/17/2012,2
10/07/2011,2
"September 29 , 2011",2
June 8,2
July 14,2
10/31/2016     ,1
"August 4 , 2016",1
11/23/2017,2
03/30/2006,1
12/21/2011,5
465401039131,1
11/12/2015,1
7/10/2012,2
11/16/2017,1
03/17/2010,3
Annual,1
1/30/2006,2
12/10/2004,1
April,1
10005,2
3/10/2015     ,1
"January 12 , 2006",6
05/22/2009,1
06/20/2017,4
106374,1
7/6/11,1
2/24/2012,1
400 00,4
"December 15 , 2006",1
"October 31 , 2014",2
01/11/2006,2
01/02/2003,1
1:04cv07246AKH,7
027928,2
5/20/2009,1
"Monday , August 24 , 2009 ,",1
08/29/2001,3
10/1/2013     ,1
5/6/2013,2
"June 30 , 2009 to",1
5/1/2009,1
"May 4 , 2001 to date",1
"April 2 , 2014",1
10/01/2013,2
12/6/2012,2
6/29/2017     cf     ,1
2/25/2010,1
6/29/2009,1
6/24/2011,3
12/27/2016,1
28,2
10/22/2004,5
 12/23/2003,2
7/11/05     yv,1
5/11/07     ,1
141616 con     ,1
"October 17 , 2013",1
9/20/2004,5
9/4/2012,1
"February 14 , 2011",3
11/19/2004,1
"Wednesday , December 20 , 2017",1
"July 20 , 2017",1
11/05/2001,1
8/13/2004,1
8/28/2017,2
"July 11 , 2014",3
1:04cv07318AKH,4
"January 17 , 2014",2
12/02/2004,2
10/01/2017,1
01/25/2006,1
3/14/2011,2
09/10/2012,1
5/19/2015     ,1
"April 5 , 2012",3
"March 22 , 2013",4
1/12/2006,1
"February 8 , 2013",2
"June 12 , 2017",3
11/05/2010,2
"1:01md01409WHP ,",44
1/11/2018,3
11/3/2011,3
3/18/2010,2
fourteen days,1
10/11/2013,3
5/28/2009,1
"Friday , January 4 , 2013",1
35 Exhibit 93,1
"no later than March 30 , 2017",1
"June 27 , 2005",1
7/16/2010     ,1
3/7/2005,2
02/15/2013,1
"March 17 , 2017",1
7/19/2006,1
38,2
"April 11 , 2017",1
7/17/2017     anc     ,1
6/24/2015     ,1
 03/06/2006,1
a period of many months,1
"January 18 , 2018",1
"April 30 , 2014",1
12/1/2006,1
020811094059,2
10/31/2017,2
10/19/2016     ,1
11/8/11,1
8/4/2017,1
"December 20 , 2013",1
1/18/2018     ,1
"May 15 , 2009",2
4/5/2017,1
1/6/2017,2
5618359400,1
8/4/2017     ras     ,1
"October 2 , 2008",1
3/6/2006,1
this date,1
10/3/2011,2
5/28/2014     ,1
11/30/2012,1
"October 24 , 2012",1
the next two weeks,1
6/28/05     ,1
2/27/2017,2
"January 7 , 2013",2
04/20/2010,1
08/14/2009,1
3/17/2016     ,1
1:04cv06789AKH,2
12/17/2012,3
05/02/2002,1
the afternoon of June 4th,1
6/14/2017,2
11/12/2012     ago,1
4/4/2017,1
08/17/2016,3
10/5/2011,2
"1:00cv07872SAS,1:00cv07874SASJCF",1
"April 21 , 2017",1
02088988626,2
9/18/2012,5
21 2012,10
 09/14/2006,3
12/31/2007,3
"May 9 , 2007",1
"March 13 , 2009",1
120 Exhibit 2928,1
"May 22 , 2009     ",2
Exhibit 65,2
"September 4 , 2012",1
7/5/2012,1
13,2
2/4/2011     ,1
10/04/2017,3
"December 17 , 2013",2
    on 4/9/2014     gr     Entered  04/09/2014,2
01/29/2010,2
12/05/2016,3
9/29/2017,4
"December 8 , 2016",3
"no later than July 31 , 2017",2
11/29/2011     lmb     ,1
10/22/2012,2
February 7,2
10/18/2016     Greene,1
04/24/2012,4
October 23,1
8/14/2009,1
83 Notice of Appeal,1
"July 18 , 2017",2
"July 7 , 2016",2
"the October 9 , 2013",1
11/21/2002,1
9/23/2016,1
"December 7 , 2012",1
3/24/06     jco,1
"June 7 , 2010",1
12/08/2006,1
3/23/05,1
12/21/2006,5
11/22/2011,6
earlier this year,2
"later than July 26 , 2016",1
12/28/2004,2
12/21/2007,1
"August 18 , 2016",1
February 1,1
05/12/2016,3
10/27/2004,2
1:04cv05024AKH,4
10/03/2014,1
"July 21 , 2017",1
"February 12 , 2016",1
"October 19 , 2016     ",1
02/17/2009,1
9/24/2013     ,1
"October 12 , 2016",1
 07/05/2006,1
"April 25 , 2014",3
"March 6 , 2015",1
10/19/2009,1
10/9/2013,1
3/3/2011     ,2
05/14/2009,1
no later than October 30,2
4/10/2018,2
"September 25 , 2015     ",1
9/28/2006,1
"November 24 , 2009",14
4/21/2011,1
7116,2
8/7/2008,1
1/10/2013,3
1/15/2007,1
7328,1
"April 2 , 2014 Conference Document",1
8/7/2017,1
8/17/2012,2
159 Exhibit 2967,1
"May 14 , 2012",1
08/23/2010,2
"May 6 , 2010",1
"June 4 , 2015",1
10/30/2006,12
June 5th,1
"Friday January 29 , 2010 to February 2 , 2010",1
3/28/2005,2
1:04cv07299AKH,7
"May 18 , 2010",1
"April 19 , 2013",2
01/18/2001,1
2/21/2018     mro     Entered  02/21/2018,1
10/25/2004,8
1/21/2010,1
11/12/2009,1
6/2/2006     ,1
12/19/2017,1
"May 31 , 2012",1
10/02/2002,1
1/14/2013,1
12/13/2017,2
8/29/2011,2
8/1/2011,2
Rule 68,1
3/19/2013,1
7/09/2012     ama     ,1
12/20/2011,2
3/25/2015     gr     ,1
    9,1
212 4215086,1
5/11/2017,1
8/22/2012     ago,1
1/3/2013,1
11/1/2006     ,1
07/31/2008,5
 01/19/2005,3
07/09/2009,3
1/24/07     ,1
06/24/2002,1
5/22/2012     ,1
"no later than December 7 , 2016",1
9/13/2012,1
3/30/2012,2
11/20/2006,1
Today,1
1/23/2012,3
12/20/2004,3
Monday,1
January 5,1
7WTCo,1
08/05/2016,1
five days,1
4/12/2017,1
"July 7 , 2017",2
10/18/2005,1
2/15/2005,1
4/22/2009,1
"January 4 , 2011",1
 09/10/2004,1
"November 5 , 2003",1
11/16/2016,2
03/22/2010,2
"February 23 , 2010",1
06/01/2010,2
12/1/2004     ,2
"August 17 , 2017",1
2/17/2012,1
10/25/2011,3
02079159651,1
11/19/2010,2
6/24/2011     ,1
7/15/2009,2
5/09/2017     ,1
8/9/2017,4
7/10/2017,3
2010,2
"September 30 , 2014",2
"June 4 , 2010 to June 10 , 2010",1
387452     bm     ,1
1/13/2012,4
1:04cv07231AKH,5
"July 14 , 2018",1
"November 8 , 2016",1
7/18/2016,1
 10/04/2006,1
4/15/2013,3
6/8/2011,1
"Wednesday , February 21 , 2018",2
2/2/2018,2
12/27/02,1
06/08/2005,2
9/25/2017,2
thirty    30    days,1
2201,2
6/19/2006,1
11/17/2010,2
1599,1
03/18/2017,1
"March 6 , 2017     3",1
"March 17 , 2014",1
"August 5 , 2011",2
"the July 16 , 2012",1
6/17/2015,1
"December 22 , 2011",1
"Mar 25 , 2014 at",1
"June 26 , 2002",1
9/6/07     ,1
3/9/2018,3
"August 31 , 2006",1
8/31/2006,6
January 26,1
3/16/2017,1
11/14/2013,1
 06/09/2005,1
15108,1
09/29/2006,1
7/3/2007,1
"March 11 , 2014",5
6/29/2006,1
10/22/15     tg     ,2
"August 10 , 2017",1
May 1,1
"February 3 , 2010",2
11/2/2016     ,1
 06/29/2005,1
4/23,1
"November 14 , 2014",1
5/6/2014,1
2763411,1
2/17/2011,1
"October 25 , 2011",1
November 14,1
"April 29 , 2013",1
07/25/2002,1
1/21/15,1
2/28/2012,2
6/7/11     ,2
Exhibit 94,2
"October 21 , 2015",3
"February 2 , 2018",1
"no later than Friday , November 6 , 2009 ,",1
3/14/2011     mbe     ,1
06/03/2005,1
8/1/17,1
2/7/2014     ,1
1:03cv10203AKH,2
05/09/2016,1
12/19/2012,1
10/7/2004,2
4/27/2012,5
"September 14 , 2006",1
12/18/2012,1
"February 1 , 2010",1
September 25,2
June 11,1
"9/26/2016     Guy , Alicia     ",1
04/09/2012,6
7/13/2012,2
08/04/2016,1
8/23/2016,1
03/28/2002,1
3/5/2018     ,2
"June 7 , 2017",2
2195,2
"September 28 , 2015",2
06/01/2016,1
879409,1
12/16/2002,1
11/08/2017,1
3/16/2011,1
7225,1
3/2/2018,1
8/16/2005,2
11/22/06     ,1
10/21/2014,3
2/7/2013     ,1
"May 6 , 2013",1
10/15/2004     ,1
1/30/2014,1
11/2/2007     ,1
"October 26 , 2012",1
10/18/2004,7
11/22/2006,1
4/29/2010     tve     ,1
2  ,1
87,1
11/14/2012,2
9/11/2017,1
1:02cv07198AKH,4
126174,1
1292,7
07/10/2008,2
"no later than Friday , February 23 , 2011",1
6/22/2007,1
no later than 10/10/2016,1
Exhibit 2945,1
2/11/2013,1
3/11/2016,1
"February 26 , 2018",1
Exhibit 4253,1
"April 9 , 2018",1
7272,1
04/08/2009,1
5/21/01 to date,1
4/27/07     ,1
89,1
11/17/2011,1
8/17/05     ,2
09/24/2013,1
08/01/2016,3
10/26/2007,1
6730,2
"December 15 , 2014",1
8/3/2017     ,1
05/13/2011,2
1/20/05     ,3
April 18,1
3/20/2009,2
2312,1
2/27/04,1
8/19/2011,2
"1:21mc00101AKH,1:02cv07188AKH,1:04cv07272AKH sn     ",2
"May 4 , 2009",1
1/19/11,1
"November 24 ,",1
1006,1
4/23/2013,1
2/23/2009,2
04/27/2004,1
2/1/2016     ,1
"Tuesday , July 18 , 2017",3
November 2014,1
"July 1 , 2015",1
11/4/2010     ,2
9/21/2006     ,1
"August 14 , August 28 , September 14",1
"April 22 , 2016",1
"January 12 , 2009",1
11/08/2011,8
12/11/2000,5
"August 19 , 2010",2
"July 10 , 2012     ",1
"April 22 , 2009",2
1/24/2013,2
6/30/2017,3
11/14/2005,1
12/27/2017     anc,1
2/12/2018,1
"April 20 , 2010    Service",1
 11/01/2004,2
3/25/2016,1
11/1/2016,3
12/6/2011,1
"April 20 , 2017",1
54,15
2/22/2005,1
48,1
6/7/2017     ,1
    62,1
11/1/2004,2
11/26/2001,1
7/18/2005,2
"Monday , April 23 , 2012 to Friday , April 27 , 2012",1
"October 12 , 2012     ",1
9/5/2012,1
03cv131,1
02/03/2012,1
10/15/2012     ,1
October 16,1
10/26/2009,1
June 18,2
6707,1
1/25/02,1
03/15/2007,1
6/7/2012,3
68,1
April 2002,4
"April 10 , 2014",2
8/21/2012,1
JEFF,1
5/11/2015     ,1
12/22/2011     ,1
8/9/02,1
12/8/2010,1
5/26/2009,1
01/25/2010,1
"March 15 , 2011     1",1
4/27/2018,1
08/04/2009,2
"July 27 , 2017",3
8/14/2017     anc,1
5/2/07     ,1
"March 12 , 2014",1
10/22/07,1
5/8/2013,1
7188,5
8 Exhibits 2029,1
2/4/2010     rw     ,1
"June 26 , 2017",1
1/2/2013    ldi,1
March 18,3
"December 5 , 2017",2
11207,1
    22,1
5/29/2012,4
05/17/2010,1
10/23/2012,1
2/7/2017,2
7/31/2006,6
1/27/2014     ,1
05/02/2005,1
71,1
12/30/2004     ,3
"January 16 , 2018",1
6/30/2006,10
2/15/05     ,1
5/12/2016,1
1915,1
3/1/2012,1
"July 5 , 2017",1
4/15/2008,1
5/28/2010,1
"the January 24 , 2013",1
4/19/2017,4
09/17/2012,2
5/10/2012,1
11/8/2004,2
06/26/2001,1
08/18/2010,1
"August 12 , 2016",3
09/08/2009,1
4/17/07     djc     ,1
8/9/2012     ,1
2/3/2012     ,1
"January 5 , 2011",1
22,4
10/29/2004,1
"March 27 , 2017",1
"May 12 , 2016",4
5/17/2013,1
"August 12 , 2015",2
05/19/2009,1
"March 16 , 2016",3
 11/05/2004,3
"the 30th day of December , 2004",1
2/26/2018,1
10/11/2011     ,1
3/29/2013,2
1/30/2008     ja     ,1
January 30th,1
30,1
"November 21 , 2013",2
12/05/2012,2
   1104,1
"August 14 , 2017",3
100197475,1
no later,1
5/17/2010,1
"March 16 , 2015",2
114403,2
10/17/2017     ,1
yesterday,3
02079347548,1
04/30/2009,1
10/5/2007     jar     ,1
65,1
"May 30 , 2014",2
05/12/2014,1
"November 2 , 2015",1
6/24/2004,1
5/28/2010     jmi     ,1
12/27/2005,4
that date,1
027984,2
09/30/2011,1
12/21/2010     ,1
4:00pm     ,2
11/3/10     cd     ,1
3/14/2008,1
00,2
12/4/2009     ,1
2/10/2014     ,1
03/24/2006,1
7/26/2005,1
10/3/2006,1
5/26/2017,5
"October 26 , 2012     ",1
2/20/2008,3
1/17/2017,1
"February 5 , 2016",1
6/19/2017,2
7/18/2013,1
11/17/2014     ,1
7/12/2011,3
53536,1
"June 16 , 2009",2
2621910,1
12/23/2016,4
5/30/2017,4
" October 29 , 2008",1
"August 16 , 2016",3
"March 22 , 2010",1
"March 30 , 2009",1
